<?xml version="1.0" encoding="UTF-8" standalone="yes"?>
<KeyValueMapOperations async="false" continueOnError="false" enabled="true" name="clientBasedConfig" mapIdentifier="client_based_rate_limit">
    <DisplayName>clientBasedConfig</DisplayName>
    <Properties/>
    <ExclusiveCache>false</ExclusiveCache>
    <ExpiryTimeInSecs>300</ExpiryTimeInSecs>
    <Get assignTo="isClientBasedRatelimit">
        <Key>
            <Parameter>client_based_ratelimit</Parameter>
        </Key>
    </Get>
    <Get assignTo="basePathList">
        <Key>
            <Parameter>basepaths_client_based_rate_limit</Parameter>
        </Key>
    </Get>
    <Get assignTo="zendesk_cc_spikeArrestEnabled">
        <Key>
            <Parameter>zendesk_cc_spike_enabled</Parameter>
        </Key>
    </Get>
    <Get assignTo="zendesk_cc_spikeArrestRate">
        <Key>
            <Parameter>zendesk_cc_spike_arrest_rate</Parameter>
        </Key>
    </Get>
    <Get assignTo="zendesk_cc_spikeEffectiveCountIp">
        <Key>
            <Parameter>zendesk_cc_spike_effective_count_ip</Parameter>
        </Key>
    </Get>
    <Scope>environment</Scope>
</KeyValueMapOperations>