<SharedFlowBundle revision="1" name="rateLimiting_rev6_2023_07_30">
    <DisplayName>rateLimiting</DisplayName>
    <Description>undefined</Description>
    <CreatedAt>1690784546396</CreatedAt>
    <LastModifiedAt>1690784546396</LastModifiedAt>
    <Policies>
        <Policy>setFlowVariables</Policy>
        <Policy>spikeEffectiveFalse</Policy>
        <Policy>isClientbasedRatelimit</Policy>
        <Policy>clientBasedConfig</Policy>
        <Policy>spikeEffectiveTrue</Policy>
        <Policy>ratelimitConfig</Policy>
        <Policy>spikeEffectiveTrueIp</Policy>
        <Policy>spikeEffectiveFalseIp</Policy>
    </Policies>
    <Resources>
        <Resource>jsc://isClientbasedRatelimit.js</Resource>
        <Resource>jsc://setFlowVariables.js</Resource>
    </Resources>
    <SharedFlows>
        <SharedFlow>default</SharedFlow>
    </SharedFlows>
    <subType>SharedFlow</subType>
</SharedFlowBundle>